scheme_id,title,ministry,source_url,gazette_date,authority_tier,jurisdiction,local_ref_status
PM_FBY,Pradhan Mantri Fasal Bima Yojana (PMFBY),Ministry of Agriculture & Farmers Welfare,https://pmfby.gov.in/pdf/Revised_Operational_Guidelines.pdf,2016-01-13,TIER_1_MINISTRY_PORTAL,All India (Rural/Farming),EXTERNAL_VERIFIED_URL
KCC,Kisan Credit Card Scheme,Ministry of Agriculture & Farmers Welfare / RBI / NABARD,https://www.rbi.org.in/Scripts/NotificationUser.aspx?Id=11304&Mode=0,1998-08-01,TIER_1_MINISTRY_PORTAL,All India,EXTERNAL_VERIFIED_URL
PM_KMY,Pradhan Mantri Kisan Maan Dhan Yojana (PM-KMY),Ministry of Agriculture & Farmers Welfare,https://maandhan.in/scheme/pmkmy,2019-09-12,TIER_1_MINISTRY_PORTAL,All India,EXTERNAL_VERIFIED_URL
AIF,Agriculture Infrastructure Fund (AIF),Ministry of Agriculture & Farmers Welfare,https://agriinfra.dac.gov.in/Home/Guidelines,2020-07-08,TIER_1_MINISTRY_PORTAL,All India,EXTERNAL_VERIFIED_URL
MIDH,Mission for Integrated Development of Horticulture (MIDH),Ministry of Agriculture & Farmers Welfare,https://midh.gov.in/guidelines.html,2014-04-01,TIER_1_MINISTRY_PORTAL,All India,EXTERNAL_VERIFIED_URL
PM_MSY,Pradhan Mantri Matsya Sampada Yojana (PMMSY),"Ministry of Fisheries, Animal Husbandry and Dairying",https://pmmsy.dof.gov.in/guidelines,2020-05-20,TIER_1_MINISTRY_PORTAL,All India (Fisheries & Coastal),EXTERNAL_VERIFIED_URL
AHIDF,Animal Husbandry Infrastructure Development Fund (AHIDF),"Ministry of Fisheries, Animal Husbandry and Dairying",https://dahd.nic.in/schemes/programmes/ahidf,2020-06-24,TIER_1_MINISTRY_PORTAL,All India,EXTERNAL_VERIFIED_URL
PM_POSHAN,PM POSHAN Scheme (Mid-Day Meal Scheme - NFSA / Art 21A),Ministry of Education,https://pmposhan.education.gov.in/guidelines,2021-09-29,TIER_1_MINISTRY_PORTAL,All India (Schools),EXTERNAL_VERIFIED_URL
SAMAGRA_SHIKSHA,Samagra Shiksha Abhiyan 2.0,Ministry of Education,https://samagrashiksha.education.gov.in/guidelines,2021-08-04,TIER_1_MINISTRY_PORTAL,All India,EXTERNAL_VERIFIED_URL
PM_SHRI,PM Schools for Rising India (PM-SHRI),Ministry of Education,https://pmshrischools.education.gov.in/guidelines,2022-09-07,TIER_1_MINISTRY_PORTAL,All India,EXTERNAL_VERIFIED_URL
RUSA_PM_USHA,Pradhan Mantri Uchchatar Shiksha Abhiyan (PM-USHA / RUSA),Ministry of Education,https://pmusha.education.gov.in/guidelines,2023-06-15,TIER_1_MINISTRY_PORTAL,All India,EXTERNAL_VERIFIED_URL
NMMSS,National Means-cum-Merit Scholarship Scheme (NMMSS),Ministry of Education,https://scholarships.gov.in/guidelines/NMMSS.pdf,2008-05-01,TIER_1_MINISTRY_PORTAL,All India,EXTERNAL_VERIFIED_URL
PM_JJBY,Pradhan Mantri Jeevan Jyoti Bima Yojana (PMJJBY),Ministry of Finance (DFS),https://financialservices.gov.in/insurance-divisions/pmjjby,2015-05-09,TIER_1_MINISTRY_PORTAL,All India,EXTERNAL_VERIFIED_URL
PMSBY,Pradhan Mantri Suraksha Bima Yojana (PMSBY),Ministry of Finance (DFS),https://financialservices.gov.in/insurance-divisions/pmsby,2015-05-09,TIER_1_MINISTRY_PORTAL,All India,EXTERNAL_VERIFIED_URL
STAND_UP_INDIA,"Stand-Up India Scheme for SC, ST & Women Entrepreneurs",Ministry of Finance (DFS) / Art 15(4),https://www.standupmitra.in/Home/SUIScheme,2016-04-05,TIER_1_MINISTRY_PORTAL,All India,EXTERNAL_VERIFIED_URL
PM_SVANIDHI,PM Street Vendor's AtmaNirbhar Nidhi (PM SVANidhi),Ministry of Housing and Urban Affairs (MoHUA),https://pmsvanidhi.mohua.gov.in/guidelines,2020-06-01,TIER_1_MINISTRY_PORTAL,All India (Urban Vendors),EXTERNAL_VERIFIED_URL
DAY_NULM,Deendayal Antyodaya Yojana - National Urban Livelihoods Mission (DAY-NULM),Ministry of Housing and Urban Affairs (MoHUA),https://nulm.gov.in/guidelines,2013-09-24,TIER_1_MINISTRY_PORTAL,All India (Urban Poor),EXTERNAL_VERIFIED_URL
AMRUT_2,Atal Mission for Rejuvenation and Urban Transformation 2.0 (AMRUT 2.0),Ministry of Housing and Urban Affairs (MoHUA),https://amrut.gov.in/guidelines/amrut2.pdf,2021-10-01,TIER_1_MINISTRY_PORTAL,All India (Urban ULBs),EXTERNAL_VERIFIED_URL
SBM_URBAN_2,Swachh Bharat Mission - Urban 2.0,Ministry of Housing and Urban Affairs (MoHUA),https://sbmurban.org/guidelines,2021-10-01,TIER_1_MINISTRY_PORTAL,All India (Urban),EXTERNAL_VERIFIED_URL
DAY_NRLM,Deendayal Antyodaya Yojana - National Rural Livelihoods Mission (DAY-NRLM),Ministry of Rural Development (MoRD),https://aajeevika.gov.in/guidelines,2011-06-01,TIER_1_MINISTRY_PORTAL,All India (Rural Women SHGs),EXTERNAL_VERIFIED_URL
PMGSY_3,Pradhan Mantri Gram Sadak Yojana - III (PMGSY-III),Ministry of Rural Development (MoRD),https://omms.nic.in/guidelines/pmgsy-3.pdf,2019-12-18,TIER_1_MINISTRY_PORTAL,All India (Rural),EXTERNAL_VERIFIED_URL
DDU_GKY,Deen Dayal Upadhyaya Grameen Kaushalya Yojana (DDU-GKY),Ministry of Rural Development (MoRD),https://ddugky.gov.in/guidelines,2014-09-25,TIER_1_MINISTRY_PORTAL,All India (Rural Youth 15-35),EXTERNAL_VERIFIED_URL
NSAP_IGNOAPS,Indira Gandhi National Old Age Pension Scheme (NSAP - Art 41),Ministry of Rural Development (MoRD) / Art 41,https://nsap.nic.in/guidelines.pdf,1995-08-15,TIER_1_MINISTRY_PORTAL,All India (BPL Elderly 60+),EXTERNAL_VERIFIED_URL
NSAP_IGNWPS,Indira Gandhi National Widow Pension Scheme (IGNWPS - Art 41),Ministry of Rural Development (MoRD) / Art 41,https://nsap.nic.in/guidelines/ignwps.pdf,2009-02-01,TIER_1_MINISTRY_PORTAL,All India (BPL Widows 40-79),EXTERNAL_VERIFIED_URL
NSAP_IGNDPS,Indira Gandhi National Disability Pension Scheme (IGNDPS - Art 41),Ministry of Rural Development (MoRD) / Art 41,https://nsap.nic.in/guidelines/igndps.pdf,2009-02-01,TIER_1_MINISTRY_PORTAL,All India (BPL Severe Disability 80%+),EXTERNAL_VERIFIED_URL
JAL_JEEVAN_MISSION,Jal Jeevan Mission (Har Ghar Jal - Art 47),Ministry of Jal Shakti,https://jaljeevanmission.gov.in/guidelines,2019-08-15,TIER_1_MINISTRY_PORTAL,All India (Rural Households),EXTERNAL_VERIFIED_URL
PMKSY_HAR_KHET,Pradhan Mantri Krishi Sinchayee Yojana (PMKSY - Har Khet Ko Pani),Ministry of Jal Shakti / MoA&FW,https://pmksy.gov.in/guidelines,2015-07-01,TIER_1_MINISTRY_PORTAL,All India,EXTERNAL_VERIFIED_URL
NAMAMI_GANGE,Namami Gange Programme (National Mission for Clean Ganga),Ministry of Jal Shakti,https://nmcg.nic.in/guidelines,2014-06-01,TIER_1_MINISTRY_PORTAL,River Ganga Basin States,EXTERNAL_VERIFIED_URL
PM_UY_2,Pradhan Mantri Ujjwala Yojana 2.0 (LPG Connections),Ministry of Petroleum and Natural Gas,https://www.pmuy.gov.in/guidelines.html,2021-08-10,TIER_1_MINISTRY_PORTAL,All India (BPL/Deprived Women),EXTERNAL_VERIFIED_URL
PM_MITRA,PM Mega Integrated Textile Region and Apparel (PM MITRA) Parks,Ministry of Textiles,https://texmin.nic.in/pm-mitra,2021-10-21,TIER_1_MINISTRY_PORTAL,All India (Textile Parks),EXTERNAL_VERIFIED_URL
PLI_ELECTRONICS,Production Linked Incentive (PLI) Scheme for Large Scale Electronics,Ministry of Electronics and Information Technology (MeitY),https://www.meity.gov.in/esdm/pli,2020-04-01,TIER_1_MINISTRY_PORTAL,All India (Manufacturing Units),EXTERNAL_VERIFIED_URL
DIGITAL_INDIA_BHASHINI,Digital India BHASHINI (National Language Translation Mission),Ministry of Electronics and Information Technology (MeitY),https://bhashini.gov.in/about,2022-07-04,TIER_1_MINISTRY_PORTAL,All India,EXTERNAL_VERIFIED_URL
PM_SURYAGHAR,PM Surya Ghar: Muft Bijli Yojana (Rooftop Solar),Ministry of New and Renewable Energy (MNRE),https://pmsuryaghar.gov.in/guidelines,2024-02-15,TIER_1_MINISTRY_PORTAL,All India (Residential Rooftops),EXTERNAL_VERIFIED_URL
PM_KUSUM,PM Kisan Urja Suraksha evam Utthaan Mahabhiyan (PM-KUSUM),Ministry of New and Renewable Energy (MNRE),https://mnre.gov.in/pm-kusum,2019-03-08,TIER_1_MINISTRY_PORTAL,All India (Farmers/Solar Pumps),EXTERNAL_VERIFIED_URL
MISSION_SHAKTI_SAMBAL,"Mission Shakti - Sambal (Beti Bachao Beti Padhao, One Stop Centres)",Ministry of Women and Child Development / Art 15(3),https://wcd.nic.in/acts/mission-shakti-guidelines,2022-07-14,TIER_1_MINISTRY_PORTAL,All India (Women Safety & Rights),EXTERNAL_VERIFIED_URL
MISSION_SHAKTI_SAMARTHYA,"Mission Shakti - Samarthya (Shakti Sadan, Sakhi Niwas, PMMVY)",Ministry of Women and Child Development / Art 15(3),https://wcd.nic.in/acts/mission-shakti-guidelines,2022-07-14,TIER_1_MINISTRY_PORTAL,All India (Women Empowerment),EXTERNAL_VERIFIED_URL
MISSION_VATSAALYA,Mission Vatsalya (Child Protection Services),Ministry of Women and Child Development,https://wcd.nic.in/acts/mission-vatsalya-guidelines,2022-07-05,TIER_1_MINISTRY_PORTAL,All India (Children in Need of Care),EXTERNAL_VERIFIED_URL
POSHAN_2,Mission Poshan 2.0 (Saksham Anganwadi and Poshan 2.0 - Art 47),Ministry of Women and Child Development / Art 47,https://poshanabhiyaan.gov.in/guidelines,2021-02-01,TIER_1_MINISTRY_PORTAL,"All India (Children, Adolescent Girls, Pregnant/Lactating Mothers)",EXTERNAL_VERIFIED_URL
SMILE_SCHEME,SMILE (Support for Marginalised Individuals for Livelihood and Enterprise),Ministry of Social Justice and Empowerment / Art 46,https://socialjustice.gov.in/schemes/smile,2022-02-12,TIER_1_MINISTRY_PORTAL,All India (Transgender Persons & Persons in Beggary),EXTERNAL_VERIFIED_URL
SHRESHTA_SC,SHRESHTA (Residential Education for Students in High Schools in Targeted Areas),Ministry of Social Justice and Empowerment / Art 46,https://shreshta.dosje.gov.in/guidelines,2021-12-06,TIER_1_MINISTRY_PORTAL,All India (Meritorious SC Students),EXTERNAL_VERIFIED_URL
PM_AJAY,Pradhan Mantri Anusuchit Jaati Abhyuday Yojana (PM-AJAY),Ministry of Social Justice and Empowerment / Art 46,https://socialjustice.gov.in/schemes/pm-ajay,2021-11-20,TIER_1_MINISTRY_PORTAL,All India (SC Majority Villages),EXTERNAL_VERIFIED_URL
PM_JANMAN,PM Janjati Adivasi Nyaya Maha Abhiyan (PM-JANMAN),Ministry of Tribal Affairs / Art 46,https://tribal.nic.in/pm-janman,2023-11-15,TIER_1_MINISTRY_PORTAL,All India (75 PVTG Communities across 18 States/UTs),EXTERNAL_VERIFIED_URL
EKLAVYA_EMRS,Eklavya Model Residential Schools (EMRS) Scheme,Ministry of Tribal Affairs / Art 46 & Art 275(1),https://emrs.tribal.gov.in/guidelines,1998-04-01,TIER_1_MINISTRY_PORTAL,All India (Scheduled Tribe Students),EXTERNAL_VERIFIED_URL
NATIONAL_APPRENTICESHIP_NAPS,National Apprenticeship Promotion Scheme (NAPS-2),Ministry of Skill Development and Entrepreneurship,https://www.apprenticeshipindia.gov.in/guidelines,2023-08-01,TIER_1_MINISTRY_PORTAL,All India,EXTERNAL_VERIFIED_URL
PMKVY_4,Pradhan Mantri Kaushal Vikas Yojana 4.0 (PMKVY 4.0),Ministry of Skill Development and Entrepreneurship,https://www.pmkvyofficial.org/guidelines-4,2023-02-01,TIER_1_MINISTRY_PORTAL,All India,EXTERNAL_VERIFIED_URL
PMEGP,Prime Minister's Employment Generation Programme (PMEGP),"Ministry of Micro, Small & Medium Enterprises (MSME)",https://www.kviconline.gov.in/pmegp/pmegpweb/docs/common/PMEGPGuidelines.pdf,2008-08-15,TIER_1_MINISTRY_PORTAL,All India (Non-farm micro enterprises),EXTERNAL_VERIFIED_URL
RAMP_MSME,Raising and Accelerating MSME Performance (RAMP),"Ministry of Micro, Small & Medium Enterprises (MSME)",https://ramp.msme.gov.in/guidelines,2022-06-30,TIER_1_MINISTRY_PORTAL,All India (MSMEs),EXTERNAL_VERIFIED_URL
CHAMPIONS_MSME,Creation and Harmonious Application of Modern Processes (CHAMPIONS),"Ministry of Micro, Small & Medium Enterprises (MSME)",https://champions.gov.in/Government-India/Ministry-MSME-Portal-Handholding/msme-problem-device-cluster.htm,2020-05-09,TIER_1_MINISTRY_PORTAL,All India (MSME Handholding),EXTERNAL_VERIFIED_URL
SPICE_BOARD_SCHEME,Export Development and Promotion of Spices Scheme,Ministry of Commerce and Industry,https://www.indianspices.com/schemes,2021-04-01,TIER_1_MINISTRY_PORTAL,All India (Spice Growers/Exporters),EXTERNAL_VERIFIED_URL
PM_EBRUS,PM-eBus Sewa Scheme,Ministry of Housing and Urban Affairs (MoHUA),https://mohua.gov.in/schemes/pm-ebus-sewa,2023-08-16,TIER_1_MINISTRY_PORTAL,169 Cities across India,EXTERNAL_VERIFIED_URL
